INSERT INTO `members` (`id`, `name`, `mobile`, `email`, `address`, `details`, `type`, `status`, `created_at`, `updated_at`) VALUES
(1, 'Member 1', '0008881234', 'member1@abc.com', 'Total Address', 'Details	 If needed', '', 1, '2021-10-01 12:54:48', '2021-10-01 12:54:48'),
(2, 'Member 2', '0007771234', 'member2@abc.com', 'Total Address', 'Details	 If needed', '', 1, '2021-10-01 12:54:48', '2021-10-01 12:54:48');


INSERT INTO `months` (`id`, `month_name`, `created_at`, `updated_at`) VALUES
(1, 'January', '2021-10-01 12:53:47', '2021-10-01 12:53:47'),
(2, 'February', '2021-10-01 12:53:47', '2021-10-01 12:53:47'),
(3, 'March', '2021-10-01 12:53:47', '2021-10-01 12:53:47'),
(4, 'April', '2021-10-01 12:53:47', '2021-10-01 12:53:47'),
(5, 'May', '2021-10-01 12:53:47', '2021-10-01 12:53:47'),
(6, 'June', '2021-10-01 12:53:47', '2021-10-01 12:53:47'),
(7, 'July', '2021-10-01 12:53:47', '2021-10-01 12:53:47'),
(8, 'August', '2021-10-01 12:53:47', '2021-10-01 12:53:47'),
(9, 'September', '2021-10-01 12:53:47', '2021-10-01 12:53:47'),
(10, 'October', '2021-10-01 12:53:47', '2021-10-01 12:53:47'),
(11, 'November', '2021-10-01 12:53:47', '2021-10-01 12:53:47'),
(12, 'December', '2021-10-01 12:53:47', '2021-10-01 12:53:47');


INSERT INTO `target_cats` (`id`, `name`, `details`, `type`, `parent_id`, `status`, `created_at`, `updated_at`) VALUES
(1, 'Revenue', '', '', 0, 1, '2021-10-01 12:55:48', '2021-10-01 12:55:48'),
(2, 'Phone Calls', '', '', 0, 1, '2021-10-01 12:55:48', '2021-10-01 12:55:48'),
(3, 'Prospect Calls', '', '', 2, 1, '2021-10-01 12:55:48', '2021-10-01 12:55:48'),
(4, 'Renewal Calls', '', '', 2, 1, '2021-10-01 12:55:48', '2021-10-01 12:55:48'),
(5, 'Inventory', '', '', 1, 1, '2021-10-01 12:55:48', '2021-10-01 12:55:48'),
(6, 'Services', '', '', 1, 1, '2021-10-01 12:55:48', '2021-10-01 12:55:48'),
(7, 'Memberships', '', '', 1, 1, '2021-10-01 12:55:48', '2021-10-01 12:55:48'),
(8, 'Renewal', '', '', 7, 1, '2021-10-01 12:55:48', '2021-10-01 12:55:48'),
(9, 'Business', '', '', 7, 1, '2021-10-01 12:55:48', '2021-10-01 12:55:48');


INSERT INTO `target_units` (`id`, `name`, `details`, `parent_id`, `status`, `created_at`, `updated_at`) VALUES
(1, 'Dollar', '', 0, 1, '2021-10-01 12:56:21', '2021-10-01 12:56:21'),
(2, 'Phone Calls', '', 0, 1, '2021-10-01 12:56:21', '2021-10-01 12:56:21'),
(3, 'Hour', '', 0, 1, '2021-10-01 12:56:21', '2021-10-01 12:56:21');


INSERT INTO `users` (`id`, `name`, `username`, `email`, `password`, `created_at`, `updated_at`) VALUES
(1, 'Monetary', 'monetary', 'monetary@abc.com', 'monetary1234', '2021-10-01 12:56:59', '2021-10-01 12:56:59'),
(2, 'Numeric', 'numeric', 'numeric@abc.com', 'numeric', '2021-10-01 12:56:59', '2021-10-01 12:56:59');



INSERT INTO `user_achievements` (`id`, `user_id`, `month_id`, `year`, `achievements_date`, `target_type_id`, `target_unit_id`, `target_amount`, `achievement_amount`, `discount_amount`, `member_id`, `client_info`, `note`, `created_at`, `updated_at`) VALUES
(1, 1, 8, 2021, '2021-08-03', 9, 1, '0.00', '45.00', '0.00', 1, NULL, NULL, '2021-09-24 05:04:09', '2021-10-03 09:24:17'),
(2, 1, 8, 2021, '2021-08-30', 8, 1, '0.00', '32.00', '0.00', 2, '', '', '2021-09-24 05:05:44', '2021-09-24 05:05:44'),
(3, 1, 8, 2021, '2021-08-15', 6, 1, '0.00', '17.00', '0.00', 0, '', '', '2021-09-24 05:08:13', '2021-09-24 05:08:13'),
(4, 1, 8, 2021, '2021-08-03', 5, 1, '0.00', '24.00', '0.00', 0, '', '', '2021-09-24 05:08:13', '2021-09-24 05:08:13'),
(5, 2, 8, 2021, '2021-08-01', 3, 2, '0.00', '1.00', '0.00', 0, '', '', '2021-09-24 05:12:03', '2021-09-24 05:12:03'),
(6, 2, 8, 2021, '2021-08-15', 4, 2, '0.00', '1.00', '0.00', 0, '', '', '2021-09-24 05:12:03', '2021-09-24 05:12:03'),
(7, 2, 8, 2021, '2021-08-02', 3, 2, '0.00', '1.00', '0.00', 0, '', '', '2021-09-24 05:12:03', '2021-09-24 05:12:03'),
(8, 2, 8, 2021, '2021-08-03', 3, 2, '0.00', '1.00', '0.00', 0, '', '', '2021-09-24 05:12:03', '2021-09-24 05:12:03'),
(9, 2, 8, 2021, '2021-08-04', 3, 2, '0.00', '1.00', '0.00', 1, '', '', '2021-09-24 05:12:03', '2021-09-24 05:12:03'),
(10, 2, 8, 2021, '2021-08-07', 3, 2, '0.00', '1.00', '0.00', 0, '', '', '2021-09-24 05:12:03', '2021-09-24 05:12:03'),
(11, 2, 8, 2021, '2021-08-09', 3, 2, '0.00', '1.00', '0.00', 0, '', '', '2021-09-24 05:12:03', '2021-09-24 05:12:03'),
(12, 2, 8, 2021, '2021-08-11', 3, 2, '0.00', '1.00', '0.00', 2, '', '', '2021-09-24 05:12:03', '2021-09-24 05:12:03'),
(13, 2, 8, 2021, '2021-08-13', 3, 2, '0.00', '1.00', '0.00', 0, '', '', '2021-09-24 05:12:03', '2021-09-24 05:12:03'),
(14, 2, 8, 2021, '2021-08-15', 4, 2, '0.00', '1.00', '0.00', 0, '', '', '2021-09-24 05:12:03', '2021-09-24 05:12:03'),
(15, 2, 8, 2021, '2021-08-15', 4, 2, '0.00', '1.00', '0.00', 0, '', '', '2021-09-24 05:12:03', '2021-09-24 05:12:03'),
(16, 2, 8, 2021, '2021-08-15', 4, 2, '0.00', '1.00', '0.00', 0, '', '', '2021-09-24 05:12:03', '2021-09-24 05:12:03'),
(17, 2, 8, 2021, '2021-08-15', 4, 2, '0.00', '1.00', '0.00', 2, '', '', '2021-09-24 05:12:03', '2021-09-24 05:12:03'),
(18, 2, 8, 2021, '2021-08-15', 4, 2, '0.00', '1.00', '0.00', 0, '', '', '2021-09-24 05:12:03', '2021-09-24 05:12:03'),
(19, 2, 8, 2021, '2021-08-15', 4, 2, '0.00', '1.00', '0.00', 0, '', '', '2021-09-24 05:12:03', '2021-09-24 05:12:03'),
(20, 2, 8, 2021, '2021-08-15', 4, 2, '0.00', '1.00', '0.00', 1, '', '', '2021-09-24 05:12:03', '2021-09-24 05:12:03'),
(21, 2, 8, 2021, '2021-08-15', 4, 2, '0.00', '1.00', '0.00', 0, '', '', '2021-09-24 05:12:03', '2021-09-24 05:12:03');


INSERT INTO `user_targets` (`id`, `user_id`, `month_id`, `year`, `target_type_id`, `target_unit_id`, `target_amount`, `note`, `created_at`, `updated_at`) VALUES
(1, 2, 8, 2021, 3, 2, '10.00', NULL, '2021-10-01 12:58:19', '2021-10-03 09:24:30'),
(2, 2, 8, 2021, 4, 2, '10.00', '', '2021-10-01 12:58:19', '2021-10-01 12:58:19'),
(3, 1, 8, 2021, 5, 1, '50.00', '', '2021-10-01 12:58:19', '2021-10-01 12:58:19'),
(4, 1, 8, 2021, 8, 1, '50.00', '', '2021-10-01 12:58:19', '2021-10-01 12:58:19'),
(5, 1, 8, 2021, 9, 1, '50.00', '', '2021-10-01 12:58:19', '2021-10-01 12:58:19'),
(6, 1, 8, 2021, 6, 1, '50.00', '', '2021-10-01 12:58:19', '2021-10-01 12:58:19');
